{
  "swagger" : "2.0",
  "info" : {
    "title" : "assureddelivery",
    "version" : "1.0.0",
    "description" : "assureddelivery"
  },
  "paths" : {
    "/pmts" : {
      "get" : {
        "operationId" : "getPmts",
        "responses" : {
          "200" : {
            "description" : "The operation was successful.",
            "schema" : {
              "$ref" : "#/definitions/request"
            }
          }
        },
        "produces" : [ "application/json" ],
        "description" : "Retrieve pmts",
        "parameters" : [ {
          "name" : "payee_acc_number",
          "in" : "query",
          "type" : "string",
          "required" : true
        } ]
      }
    }
  },
  "basePath" : "/assureddelivery/v1",
  "definitions" : {
    "request" : {
      "type" : "object",
      "properties" : {
        "amount" : {
          "type" : "string"
        },
        "currency" : {
          "type" : "string"
        },
        "payee_sort_code" : {
          "type" : "string"
        },
        "payee_acc_number" : {
          "type" : "string"
        },
        "payee_name" : {
          "type" : "string"
        }
      },
      "required" : [ "amount", "currency", "payee_sort_code", "payee_acc_number", "payee_name" ]
    }
  }
}